2012,3.121928
2012,3.121928
2012,2.921928
2012,3.121928
2012,2.75
2012,3.121928
2012,3.121928
2012,3.321928
2012,3.392747
2012,2.921928
2012,3.321928
2012,3.321928
2012,3.321928
2012,3.121928
2012,3.188722
2012,2.921928
2012,2.721928
2012,2.921928
2012,3.321928
2012,2.921928
2012,3.321928
2012,3.121928
2012,3.121928
2012,3.321928
2012,3.121928
2012,2.921928
2012,3.121928
2012,3.121928
2012,3.321928
2012,2.921928
2012,3.321928
2012,3.321928
2012,3.121928
2012,3.121928
2012,3.321928
2012,2.725481
2012,2.721928
2012,3.321928
2012,3.321928
2012,3.121928
2012,2.921928
2012,3.121928
2012,3.321928
2012,3
2012,2.75
2012,3.121928
2012,3.321928
2012,3.321928
2012,3.321928
2012,2.521641
2012,3.121928
2012,3.321928
2012,3.121928
2012,3.121928
2012,3.022055
2012,2.921928
2012,3.321928
2012,3.121928
2012,3.121928
2012,3.121928
2012,3.121928
2012,3.121928
2012,2.584963
2012,3.321928
2012,2.846439
2012,3.121928
2012,3.121928
2012,1.905639
2012,3.321928
2012,3.121928
2012,2.25
2012,1.405639
2012,2.921928
2012,2
2012,3.121928
2012,3.321928
2012,2.921928
2012,3.121928
2012,2.807355
2012,2.5
2012,3.121928
2012,3.321928
2012,2.235926
2012,3.121928
2012,2.75
2012,3.321928
2012,2.846439
2012,2.646439
2012,3.321928
2012,3.121928
2012,3.121928
2012,3.321928
2012,3.121928
2012,3.121928
2012,3.321928
2012,3.321928
2012,3.121928
2012,3.321928
2012,2.321928
2012,3.321928
2012,2.846439
2012,3.121928
2012,2.947703
2012,3.121928
2012,3.121928
2012,3.321928
2012,3.321928
2012,2.370951
2012,2.921928
2012,3.121928
2012,2.646439
2012,3.121928
2012,3.321928
2012,3.121928
2012,3.321928
2012,3.121928
2012,3.321928
2012,2.846439
2012,3.121928
2012,3.121928
2012,3.121928
2012,2.921928
2012,2.913977
2012,2.921928
2012,3.321928
2012,3.459432
2012,2.646439
2012,3.121928
2012,2.921928
2012,3.121928
2012,3.321928
2012,3.121928
2012,2.807355
2012,3.321928
2012,3.121928
2012,2.921928
2012,3.321928
2012,2.921928
2012,3.121928
2012,3.121928
2012,3.121928
2012,3.321928
2012,3.321928
2012,2.921928
2012,3.321928
2012,3.121928
