dating,3.43461765115381
dating,3.72229972360317
dating,3.94544327491787
dating,3.72229972360317
dating,4.20780753938655
dating,3.49356621044681
dating,3.74488063872805
dating,3.58876833097969
dating,3.62709760307019
dating,3.72229972360317
dating,4.28191551153963
dating,3.58876833097969
dating,3.72229972360317
dating,3.74488063872805
dating,3.58876833097969
dating,3.58876833097969
dating,3.58876833097969
dating,3.72229972360317
dating,3.74488063872805
dating,3.8400827592609
dating,3.72229972360317
dating,3.94555133419042
dating,3.49356621044681
dating,3.25229609435792
dating,3.43461765115381
dating,4.12776483171214
dating,3.62709760307019
dating,3.33941553061753
dating,4.1126054188521
dating,3.33941553061753
dating,3.58876833097969
dating,3.33941553061753
dating,3.33941553061753
dating,3.33941553061753
dating,4.20780753938655
dating,3.72229972360317
dating,3.58876833097969
dating,3.74488063872805
dating,3.58876833097969
dating,3.72229972360317
dating,3.49356621044681
dating,3.62709760307019
dating,3.94544327491787
dating,3.43461765115381
dating,3.49356621044681
dating,3.33941553061753
dating,3.58876833097969
dating,3.62709760307019
dating,3.43461765115381
dating,3.74488063872805
dating,3.58876833097969
dating,4.04075345472325
dating,3.94544327491787
dating,3.8400827592609
dating,3.85024115438493
dating,3.94555133419042
dating,3.62709760307019
dating,3.43461765115381
dating,3.72229972360317
dating,3.8400827592609
dating,3.74488063872805
dating,3.72229972360317
dating,4.04075345472325
dating,3.62709760307019
dating,3.43461765115381
dating,3.33941553061753
dating,3.58876833097969
dating,3.49356621044681
dating,3.94544327491787
